{
  "num_params": 0.0,
  "flops": 0.0,
  "num_layers": 0.0,
  "cpu_frequency": 0.0,
  "num_cores": 0.0,
  "sequence_length": 0.483242536741658,
  "batch_size": 0.0,
  "input_size": 0.5167574632583419
}